entry_bar,exit_bar,entry_time,exit_time,side,pnl
10000,10224,2018-11-22T14:25,2018-11-28T09:05,1,-1150.2850000000471
10660,10944,2018-12-06T09:25,2018-12-12T09:05,1,1684.1800000000076
11448,11664,2018-12-21T09:05,2018-12-26T09:05,1,3111.430000000051
11878,12096,2018-12-28T14:55,2019-01-07T09:05,1,2441.930000000051
12384,12769,2019-01-11T09:05,2019-01-18T11:10,-1,480.1800000000949
12816,12960,2019-01-21T09:05,2019-01-23T09:05,-1,137.93000000002212
13176,13753,2019-01-28T09:05,2019-02-14T09:10,1,2403.680000000051
13889,14112,2019-02-15T14:30,2019-02-21T09:05,1,3528.679999999993
14472,14829,2019-02-28T09:05,2019-03-06T14:50,-1,5396.430000000051
15426,15624,2019-03-19T10:35,2019-03-22T09:05,1,62.18000000002212
15696,15912,2019-03-25T09:05,2019-03-28T09:05,1,-94.57000000005064
15984,16229,2019-03-29T09:05,2019-04-03T11:30,-1,190.67999999999302
16707,16992,2019-04-15T09:20,2019-04-19T09:05,-1,2610.680000000095
17445,17569,2019-04-29T10:50,2019-05-06T09:10,1,1126.6799999999494
17784,18082,2019-05-09T09:05,2019-05-15T09:55,1,7581.429999999993
18936,19225,2019-05-31T09:05,2019-06-06T09:10,1,8540.430000000051
19285,19355,2019-06-06T14:10,2019-06-10T14:00,1,-862.8199999999488
19498,19515,2019-06-12T13:55,2019-06-13T09:20,1,-667.070000000007
19584,19656,2019-06-14T09:05,2019-06-17T09:05,1,2860.930000000051
19872,19873,2019-06-20T09:05,2019-06-20T09:10,1,4480.679999999993
19954,20002,2019-06-21T09:55,2019-06-21T13:55,1,1017.679999999993
20016,20084,2019-06-24T09:05,2019-06-24T14:45,1,-736.5699999998906
20088,20142,2019-06-25T09:05,2019-06-25T13:35,1,4084.929999999993
20520,20531,2019-07-03T09:05,2019-07-03T10:00,1,-1117.570000000007
21312,21325,2019-07-18T09:05,2019-07-18T10:10,1,-1255.820000000036
21384,21453,2019-07-19T09:05,2019-07-19T14:50,1,1926.4300000000221
22032,22036,2019-08-01T09:05,2019-08-01T09:25,-1,-131.81999999994878
22104,22106,2019-08-02T09:05,2019-08-02T09:15,1,167.43000000002212
22176,22189,2019-08-05T09:05,2019-08-05T10:10,1,5581.179999999993
22201,22249,2019-08-05T11:10,2019-08-06T09:10,1,4301.179999999993
22323,22330,2019-08-07T09:20,2019-08-07T09:55,1,1435.429999999993
22386,22396,2019-08-07T14:35,2019-08-08T09:25,1,2961.9300000000803
22488,22529,2019-08-09T11:05,2019-08-09T14:30,1,-1588.820000000007
22608,22680,2019-08-13T09:05,2019-08-14T09:05,1,3385.429999999993
23256,23277,2019-08-26T09:05,2019-08-26T10:50,1,5498.929999999993
23400,23409,2019-08-28T09:05,2019-08-28T09:50,1,-109.57000000000698
23536,23544,2019-08-29T14:25,2019-08-30T09:05,1,-366.8199999999488
23760,23766,2019-09-04T09:05,2019-09-04T09:35,1,-1717.320000000007
23970,23977,2019-09-06T14:35,2019-09-09T09:10,-1,2157.180000000022
24048,24058,2019-09-10T09:05,2019-09-10T09:55,-1,3332.430000000051
24480,24501,2019-09-19T09:05,2019-09-19T10:50,-1,-1617.0699999999779
24696,24840,2019-09-24T09:05,2019-09-26T09:05,1,1075.179999999993
25272,25333,2019-10-11T09:05,2019-10-11T14:10,-1,-1417.5699999999488
25344,25347,2019-10-14T09:05,2019-10-14T09:20,-1,1247.179999999993
25370,25416,2019-10-14T11:15,2019-10-15T09:05,-1,-999.320000000007
25553,25560,2019-10-16T14:30,2019-10-17T09:05,-1,-1548.5699999999779
25776,25848,2019-10-22T09:05,2019-10-23T09:05,-1,-1397.0699999999197
26054,26136,2019-10-25T14:15,2019-10-29T09:05,1,-1325.070000000036
26568,26640,2019-11-06T09:05,2019-11-07T09:05,-1,3022.1800000001094
26712,26775,2019-11-08T09:05,2019-11-08T14:20,-1,3698.9300000001385
26856,26928,2019-11-12T09:05,2019-11-13T09:05,-1,961.9300000000512
27288,27432,2019-11-20T09:05,2019-11-22T09:05,1,-50.56999999997788
28008,28080,2019-12-04T09:05,2019-12-05T09:05,1,1433.679999999964
28512,28534,2019-12-13T09:05,2019-12-13T10:55,-1,-178.37000000005355
28969,29300,2019-12-23T11:10,2019-12-27T14:45,1,5626.330000000045
29377,29448,2019-12-31T09:10,2020-01-02T09:05,1,-539.6700000000128
29520,29664,2020-01-03T09:05,2020-01-07T09:05,1,10100.830000000045
29736,29737,2020-01-08T09:05,2020-01-08T09:10,1,2777.8300000000454
30024,30087,2020-01-14T09:05,2020-01-14T14:20,-1,645.4300000000221
30600,30676,2020-02-03T09:05,2020-02-04T09:25,1,6678.529999999999
31392,31605,2020-02-18T09:05,2020-02-20T14:50,1,6345.329999999987
31608,31688,2020-02-21T09:05,2020-02-24T09:45,1,11916.229999999865
32400,32401,2020-03-09T09:05,2020-03-09T09:10,1,-645.3699999999953
32688,32697,2020-03-13T09:05,2020-03-13T09:50,-1,7453.530000000115
32700,32706,2020-03-13T10:05,2020-03-13T10:35,-1,-1565.570000000007
32760,32762,2020-03-16T09:05,2020-03-16T09:15,-1,3701.530000000028
32765,32766,2020-03-16T09:30,2020-03-16T09:35,-1,-1014.9699999999721
32832,32834,2020-03-17T09:05,2020-03-17T09:15,-1,5862.73000000004
32842,32844,2020-03-17T09:55,2020-03-17T10:05,-1,3066.329999999958
32903,32904,2020-03-17T15:00,2020-03-18T09:05,-1,-1070.7699999999313
33264,33265,2020-03-25T09:05,2020-03-25T09:10,1,2559.929999999993
33840,33841,2020-04-07T09:05,2020-04-07T09:10,1,70.13000000000466
34218,34254,2020-04-14T10:35,2020-04-14T13:35,1,139.93000000008033
34413,34416,2020-04-16T14:50,2020-04-17T09:05,1,-1541.8699999999953
34709,34726,2020-04-23T09:30,2020-04-23T10:55,1,-1026.2699999999604
34790,34848,2020-04-24T10:15,2020-04-27T09:05,1,83.73000000001048
35280,35352,2020-05-08T09:05,2020-05-11T09:05,1,-1000.8699999999371
35568,35737,2020-05-14T09:05,2020-05-18T11:10,1,16128.429999999818
36648,36666,2020-06-04T09:05,2020-06-04T10:35,-1,-164.2699999998731
36792,36846,2020-06-08T09:05,2020-06-08T13:35,-1,2980.2300000000105
37512,37584,2020-06-22T09:05,2020-06-23T09:05,1,2403.9299999999057
37656,37746,2020-06-24T09:05,2020-06-29T10:35,1,372.03000000014435
37872,37944,2020-07-01T09:05,2020-07-02T09:05,1,-57.77000000004773
38304,38376,2020-07-09T09:05,2020-07-10T09:05,1,-445.6699999999255
38743,38808,2020-07-17T09:40,2020-07-20T09:05,-1,-1330.8700000000536
38952,38955,2020-07-22T09:05,2020-07-22T09:20,1,11506.330000000075
39096,39171,2020-07-24T09:05,2020-07-27T09:20,1,6582.729999999923
39182,39195,2020-07-27T10:15,2020-07-27T11:20,1,3991.930000000051
39240,39244,2020-07-28T09:05,2020-07-28T09:25,1,2403.429999999993
39672,39673,2020-08-05T09:05,2020-08-05T09:10,1,1938.9299999999348
39740,39870,2020-08-05T14:45,2020-08-07T13:35,1,7589.629999999888
40032,40105,2020-08-12T09:05,2020-08-13T09:10,-1,8942.430000000051
40608,40619,2020-08-24T09:05,2020-08-24T10:00,-1,334.429999999993
41916,41976,2020-09-17T10:05,2020-09-18T09:05,-1,-1851.270000000135
42120,42132,2020-09-22T09:05,2020-09-22T10:05,-1,6109.429999999935
42186,42191,2020-09-22T14:35,2020-09-22T15:00,-1,-1347.1699999999255
42217,42324,2020-09-23T11:10,2020-09-24T14:05,-1,8264.029999999912
43472,43488,2020-10-26T13:45,2020-10-27T09:05,-1,-1601.5699999999488
43621,43632,2020-10-28T14:10,2020-10-29T09:05,1,-5220.104999999981
43633,43776,2020-10-29T09:10,2020-11-02T09:05,-1,1660.1649999999208
44064,44122,2020-11-06T09:05,2020-11-06T13:55,1,852.9299999998184
44136,44203,2020-11-09T09:05,2020-11-09T14:40,1,-1589.3699999999371
44208,44221,2020-11-10T09:05,2020-11-10T10:10,-1,1236.1300000000629
44701,44787,2020-11-18T14:10,2020-11-20T09:20,-1,407.929999999993
44928,45142,2020-11-24T09:05,2020-11-26T14:55,-1,10429.529999999795
45216,45241,2020-11-30T09:05,2020-11-30T11:10,-1,4219.929999999993
45648,45747,2020-12-08T09:05,2020-12-09T11:20,1,2474.5299999999697
46210,46366,2020-12-17T13:55,2020-12-21T14:55,1,8402.429999999935
47016,47036,2021-01-05T09:05,2021-01-05T10:45,1,131.63000000006286
47088,47142,2021-01-06T09:05,2021-01-06T13:35,1,-1292.0699999999488
47304,47310,2021-01-11T09:05,2021-01-11T09:35,-1,12978.829999999958
48447,48469,2021-02-01T14:20,2021-02-02T10:10,1,-1507.1699999999837
48528,48546,2021-02-03T09:05,2021-02-03T10:35,-1,-602.1699999999255
48600,48668,2021-02-04T09:05,2021-02-04T14:45,-1,2841.5300000001444
48672,48728,2021-02-05T09:05,2021-02-05T13:45,-1,1217.030000000028
48960,48986,2021-02-18T09:05,2021-02-18T11:15,-1,2257.6300000002375
49032,49053,2021-02-19T09:05,2021-02-19T10:50,-1,-33.26999999990221
49446,49466,2021-02-26T13:35,2021-03-01T09:15,-1,5221.930000000051
49536,49590,2021-03-02T09:05,2021-03-02T13:35,-1,3327.530000000028
49752,49812,2021-03-05T09:05,2021-03-05T14:05,-1,2066.7300000000396
50400,50472,2021-03-18T09:05,2021-03-19T09:05,1,1150.1300000000629
50976,51114,2021-03-30T09:05,2021-03-31T14:35,-1,6700.530000000203
51192,51264,2021-04-02T09:05,2021-04-06T09:05,1,-570.0700000001816
51463,51545,2021-04-08T13:40,2021-04-09T14:30,1,1532.9299999997602
51894,51915,2021-04-16T13:35,2021-04-19T09:20,1,2033.329999999958
52129,52188,2021-04-22T09:10,2021-04-22T14:05,1,-1468.7700000000186
52560,52627,2021-04-30T09:05,2021-04-30T14:40,-1,-146.26999999996042
52704,52848,2021-05-07T09:05,2021-05-11T09:05,1,3325.0299999999697
53133,53233,2021-05-14T14:50,2021-05-18T11:10,1,6681.830000000133
53381,53430,2021-05-20T11:30,2021-05-21T09:35,1,-1719.369999999879
53496,53568,2021-05-24T09:05,2021-05-25T09:05,1,-506.6700000001583
53640,53702,2021-05-26T09:05,2021-05-26T14:15,1,2471.030000000028
54134,54166,2021-06-03T14:15,2021-06-04T10:55,-1,9216.329999999958
54720,54821,2021-06-17T09:05,2021-06-18T11:30,-1,4467.929999999935
54864,54888,2021-06-21T09:05,2021-06-21T11:05,-1,-746.5699999999488
55368,55440,2021-06-30T09:05,2021-07-01T09:05,-1,766.429999999993
55586,55728,2021-07-05T09:15,2021-07-07T09:05,1,1271.030000000028
55800,55854,2021-07-08T09:05,2021-07-08T13:35,1,-1630.2699999997858
55876,55937,2021-07-09T09:25,2021-07-09T14:30,1,-616.6700000000419
55945,55968,2021-07-12T09:10,2021-07-12T11:05,1,-1757.37000000017
56106,56304,2021-07-14T10:35,2021-07-19T09:05,1,1684.6299999998882
56543,56592,2021-07-22T11:00,2021-07-23T09:05,-1,-1458.3700000001118
56748,56808,2021-07-27T10:05,2021-07-28T09:05,-1,-1576.8699999998207
56953,57024,2021-07-30T09:10,2021-08-02T09:05,1,-1355.5700000001816
57384,57385,2021-08-09T09:05,2021-08-09T09:10,-1,10745.930000000051
57528,57557,2021-08-11T09:05,2021-08-11T11:30,-1,-1190.9699999999139
58176,58248,2021-08-24T09:05,2021-08-25T09:05,1,608.8300000000163
58457,58483,2021-08-27T14:30,2021-08-30T10:40,1,1034.1300000000047
58824,58950,2021-09-06T09:05,2021-09-07T13:35,1,-1567.5699999998906
59040,59112,2021-09-09T09:05,2021-09-10T09:05,-1,-884.7700000000186
59184,59209,2021-09-13T09:05,2021-09-13T11:10,-1,-598.4700000000885
59456,59538,2021-09-16T13:45,2021-09-17T14:35,-1,3608.730000000098
59688,59747,2021-09-24T09:05,2021-09-24T14:00,-1,-786.070000000007
59895,60048,2021-09-28T14:20,2021-10-08T09:05,-1,706.5299999999697
60336,60480,2021-10-14T09:05,2021-10-18T09:05,1,2250.130000000063
61416,61488,2021-11-04T09:05,2021-11-05T09:05,-1,-350.5699999999488
61560,61630,2021-11-08T09:05,2021-11-08T14:55,1,3051.5300000002026
61636,61927,2021-11-09T09:25,2021-11-15T09:40,1,5335.229999999923
62352,62593,2021-11-23T09:05,2021-11-26T11:10,-1,5574.929999999993
62784,62843,2021-12-01T09:05,2021-12-01T14:00,-1,-1020.9699999999721
62928,63000,2021-12-03T09:05,2021-12-06T09:05,-1,-1237.9700000000885
63352,63360,2021-12-10T14:25,2021-12-13T09:05,-1,-1697.2699999999022
63507,63576,2021-12-15T09:20,2021-12-16T09:05,-1,-470.4700000001467
63648,63792,2021-12-17T09:05,2021-12-21T09:05,1,1465.8299999997253
63948,64224,2021-12-23T10:05,2021-12-29T09:05,1,-600.5700000001816
64368,64440,2021-12-31T09:05,2022-01-04T09:05,1,-1243.7699999996694
64648,64800,2022-01-06T14:25,2022-01-11T09:05,-1,552.0300000000861
64998,65088,2022-01-13T13:35,2022-01-17T09:05,1,-1843.969999999972
65304,65448,2022-01-20T09:05,2022-01-24T09:05,1,225.43000000016764
65592,65664,2022-01-26T09:05,2022-01-27T09:05,1,-1715.4699999998556
65670,65808,2022-01-27T09:35,2022-02-07T09:05,-1,911.1300000000629
66168,66193,2022-02-14T09:05,2022-02-14T11:10,1,2203.9300000001094
66240,66312,2022-02-15T09:05,2022-02-16T09:05,1,790.3300000001327
66456,66467,2022-02-18T09:05,2022-02-18T10:00,1,438.429999999993
66528,66534,2022-02-21T09:05,2022-02-21T09:35,1,-1444.070000000007
66600,66672,2022-02-22T09:05,2022-02-23T09:05,1,662.8299999998417
66766,66805,2022-02-24T10:55,2022-02-24T14:10,1,3953.1300000000047
67248,67266,2022-03-07T09:05,2022-03-07T10:35,1,7147.230000000098
67383,67450,2022-03-08T14:20,2022-03-09T13:55,1,10225.630000000237
67781,67824,2022-03-16T11:30,2022-03-17T09:05,-1,-754.7699999999022
68598,68616,2022-03-31T13:35,2022-04-01T09:05,-1,-863.2699999999604
69048,69336,2022-04-13T09:05,2022-04-19T09:05,1,4017.630000000121
69840,69909,2022-04-28T09:05,2022-04-28T14:50,-1,-288.5699999999488
70488,70560,2022-05-16T09:05,2022-05-17T09:05,-1,544.0299999999697
70632,70704,2022-05-18T09:05,2022-05-19T09:05,-1,154.62999999988824
71136,71280,2022-05-27T09:05,2022-05-31T09:05,1,-371.7700000000186
71568,71640,2022-06-07T09:05,2022-06-08T09:05,-1,-1721.7699999999022
71856,71928,2022-06-13T09:05,2022-06-14T09:05,1,2664.729999999923
72000,72072,2022-06-15T09:05,2022-06-16T09:05,-1,-373.77000000007683
72504,72577,2022-06-24T09:05,2022-06-27T09:10,-1,-1451.170000000042
72821,72936,2022-06-30T11:30,2022-07-04T09:05,-1,2470.929999999935
73080,73179,2022-07-06T09:05,2022-07-07T11:20,-1,10412.429999999935
73368,73373,2022-07-12T09:05,2022-07-12T09:30,-1,-158.96999999997206
73466,73512,2022-07-13T11:15,2022-07-14T09:05,-1,-1255.8699999999371
73584,73658,2022-07-15T09:05,2022-07-18T09:15,-1,656.730000000156
73872,73944,2022-07-21T09:05,2022-07-22T09:05,-1,950.730000000156
74232,74470,2022-07-28T09:05,2022-08-02T10:55,1,11224.929999999818
74664,74736,2022-08-05T09:05,2022-08-08T09:05,1,-960.0700000000652
74880,74952,2022-08-10T09:05,2022-08-11T09:05,1,-1422.769999999844
75096,75168,2022-08-15T09:05,2022-08-16T09:05,1,-1306.0699999999488
75384,75600,2022-08-19T09:05,2022-08-24T09:05,-1,-390.16999999969266
76032,76176,2022-09-01T09:05,2022-09-05T09:05,-1,2069.730000000098
77184,77185,2022-09-26T09:05,2022-09-26T09:10,-1,-1795.469999999972
77400,77545,2022-09-29T09:05,2022-10-10T09:10,1,7312.829999999842
78120,78264,2022-10-20T09:05,2022-10-24T09:05,-1,-555.9700000000885
78336,78480,2022-10-25T09:05,2022-10-27T09:05,1,-514.5699999998906
79068,79332,2022-11-08T10:05,2022-11-11T14:05,1,12632.830000000016
80064,80136,2022-11-28T09:05,2022-11-29T09:05,1,-725.0700000000652
80352,80424,2022-12-02T09:05,2022-12-05T09:05,1,-273.97000000003027
80496,80712,2022-12-06T09:05,2022-12-09T09:05,-1,192.4299999998184
81288,81432,2022-12-21T09:05,2022-12-23T09:05,1,799.4299999998766
81864,81869,2023-01-03T09:05,2023-01-03T09:30,1,-1383.9700000000303
81936,82079,2023-01-04T09:05,2023-01-05T15:00,1,523.0299999997369
82351,82368,2023-01-11T13:40,2023-01-12T09:05,1,-1778.4699999999139
82440,82580,2023-01-13T09:05,2023-01-16T14:45,1,2080.630000000121
82594,82710,2023-01-17T09:55,2023-01-18T13:35,1,-1681.4700000001467
82787,82872,2023-01-19T14:00,2023-01-30T09:05,1,2236.7300000000396
83088,83160,2023-02-02T09:05,2023-02-03T09:05,1,-610.8699999999953
83232,83592,2023-02-06T09:05,2023-02-13T09:05,-1,5047.830000000133
84456,84816,2023-03-01T09:05,2023-03-08T09:05,1,3579.8300000000745
85032,85101,2023-03-13T09:05,2023-03-13T14:50,1,1461.9300000002258
85104,85464,2023-03-14T09:05,2023-03-21T09:05,1,20110.23000000033
86256,86400,2023-04-06T09:05,2023-04-10T09:05,1,3760.5299999999115
86551,86616,2023-04-12T09:40,2023-04-13T09:05,1,29.130000000004657
86688,86743,2023-04-14T09:05,2023-04-14T13:40,1,555.0299999999115
87115,87192,2023-04-21T14:40,2023-04-25T09:05,-1,-1364.1699999998673
87480,87484,2023-05-04T09:05,2023-05-04T09:25,1,8229.430000000051
88254,88344,2023-05-18T13:35,2023-05-22T09:05,-1,292.9299999999348
88848,89064,2023-05-31T09:05,2023-06-05T09:05,1,2942.9299999998184
89550,89568,2023-06-13T13:35,2023-06-14T09:05,1,-1879.0699999998906
90144,90291,2023-06-28T09:05,2023-06-30T09:20,-1,-1943.469999999972
90739,91067,2023-07-10T10:40,2023-07-14T14:00,1,2232.929999999935
91206,91368,2023-07-18T13:35,2023-07-21T09:05,1,4399.330000000016
92016,92160,2023-08-03T09:05,2023-08-07T09:05,-1,-453.5700000000652
92376,92514,2023-08-10T09:05,2023-08-11T14:35,-1,-1630.3699999997625
92729,92873,2023-08-16T14:30,2023-08-18T14:30,1,-2229.2700000001932
93028,93240,2023-08-23T09:25,2023-08-28T09:05,1,715.62999999983
93338,93672,2023-08-29T11:15,2023-09-05T09:05,1,2909.4300000001094
93888,94251,2023-09-08T09:05,2023-09-15T09:20,1,11738.730000000272
94882,94909,2023-09-27T13:55,2023-09-28T10:10,-1,4383.530000000028
94957,94959,2023-09-28T14:10,2023-09-28T14:20,-1,1663.2300000000978
94968,94973,2023-10-09T09:05,2023-10-09T09:30,-1,-185.06999999994878
95047,95186,2023-10-10T09:40,2023-10-12T09:15,-1,1172.030000000028
95548,95688,2023-10-19T09:25,2023-10-23T09:05,1,4492.129999999888
96048,96107,2023-10-30T09:05,2023-10-30T14:00,1,1691.6300000000047
96480,96696,2023-11-07T09:05,2023-11-10T09:05,-1,3761.030000000028
96768,96840,2023-11-13T09:05,2023-11-14T09:05,-1,-2037.469999999972
97198,97272,2023-11-20T14:55,2023-11-22T09:05,-1,-2156.569999999949
97335,97488,2023-11-22T14:20,2023-11-27T09:05,-1,-748.6700000000419
97632,97849,2023-11-29T09:05,2023-12-04T09:10,1,11980.030000000028
98280,98362,2023-12-12T09:05,2023-12-13T09:55,-1,-170.6699999999255
98856,99216,2023-12-22T09:05,2023-12-29T09:05,1,4984.630000000005
99775,99936,2024-01-10T13:40,2024-01-15T09:05,-1,-1520.6699999999255
100144,100224,2024-01-17T14:25,2024-01-19T09:05,-1,-893.1699999999255
100380,100585,2024-01-23T10:05,2024-01-26T09:10,-1,-744.9699999999721
100859,101038,2024-01-31T14:00,2024-02-05T10:55,1,632.4299999999348
101530,101664,2024-02-22T09:55,2024-02-26T09:05,-1,-1116.170000000042
102013,102336,2024-03-01T14:10,2024-03-08T11:05,1,19885.030000000028
102384,102442,2024-03-11T09:05,2024-03-11T13:55,1,967.4299999999348
102960,103032,2024-03-21T09:05,2024-03-22T09:05,1,2900.0300000001444
103111,103125,2024-03-25T09:40,2024-03-25T10:50,1,-1943.1700000002747
103274,103536,2024-03-27T11:15,2024-04-02T09:05,1,15864.130000000121
103608,103692,2024-04-03T09:05,2024-04-08T10:05,1,15273.930000000284
103694,103700,2024-04-08T10:15,2024-04-08T10:45,1,4736.229999999981
103968,104040,2024-04-12T09:05,2024-04-15T09:05,1,6947.2299999997485
104135,104178,2024-04-16T11:00,2024-04-16T14:35,1,-1997.0699999998324
104334,104338,2024-04-19T09:35,2024-04-19T09:55,1,1779.6299999998882
104472,104485,2024-04-23T09:05,2024-04-23T10:10,-1,8041.129999999888
104904,104905,2024-05-06T09:05,2024-05-06T09:10,-1,939.3300000000745
105246,105264,2024-05-10T13:35,2024-05-13T09:05,1,1203.9300000001676
105480,105493,2024-05-16T09:05,2024-05-16T10:10,1,2159.0299999996787
105624,105627,2024-05-20T09:05,2024-05-20T09:20,1,16402.43000000005
105678,105688,2024-05-20T13:35,2024-05-20T14:25,1,-171.36999999987893
106398,106415,2024-06-03T13:35,2024-06-03T15:00,-1,258.8299999998417
106564,106625,2024-06-06T09:25,2024-06-06T14:30,1,-1239.9699999997392
106632,106637,2024-06-07T09:05,2024-06-07T09:30,1,-1427.0700000000652
106704,106776,2024-06-11T09:05,2024-06-12T09:05,-1,1680.9299999999348
107568,107640,2024-06-27T09:05,2024-06-28T09:05,-1,-1300.0699999999488
108072,108132,2024-07-08T09:05,2024-07-08T14:05,1,1952.8300000000745
108360,108595,2024-07-12T09:05,2024-07-17T10:40,1,15520.530000000028
109013,109017,2024-07-25T09:30,2024-07-25T09:50,-1,3816.3300000000745
109036,109069,2024-07-25T11:25,2024-07-25T14:10,-1,-1919.369999999879
109080,109087,2024-07-26T09:05,2024-07-26T09:40,-1,-910.0699999999488
109466,109512,2024-08-02T11:15,2024-08-05T09:05,1,-2300.4699999998556
109647,109649,2024-08-06T14:20,2024-08-06T14:30,-1,-2609.269999999902
109660,109668,2024-08-07T09:25,2024-08-07T10:05,-1,-2628.5699999998324
110232,110234,2024-08-19T09:05,2024-08-19T09:15,1,749.3299999999581
110388,110466,2024-08-21T10:05,2024-08-22T10:35,1,-1617.0700000000652
110736,110790,2024-08-28T09:05,2024-08-28T13:35,1,-2618.4699999998556
110952,111043,2024-09-02T09:05,2024-09-03T10:40,-1,-454.46999999985565
111162,111226,2024-09-04T14:35,2024-09-05T13:55,-1,-1648.4700000000885
111600,111735,2024-09-13T09:05,2024-09-18T14:20,1,6142.430000000051
111834,112019,2024-09-20T10:35,2024-09-24T14:00,1,6813.430000000517
112032,112086,2024-09-25T09:05,2024-09-25T13:35,1,1570.530000000028
112662,112680,2024-10-14T13:35,2024-10-15T09:05,1,-502.0700000001816
112752,112959,2024-10-16T09:05,2024-10-18T14:20,1,15365.529999999795
112968,113184,2024-10-21T09:05,2024-10-24T09:05,1,4328.129999999423
113411,113610,2024-10-29T10:00,2024-10-31T14:35,1,5902.630000000121
113904,113976,2024-11-07T09:05,2024-11-08T09:05,-1,6666.429999999586
114120,114336,2024-11-12T09:05,2024-11-15T09:05,-1,15518.829999999725
114400,114408,2024-11-15T14:25,2024-11-18T09:05,-1,-2860.6699999995762
114696,114769,2024-11-22T09:05,2024-11-25T09:10,1,5243.029999999795
115560,115686,2024-12-10T09:05,2024-12-11T13:35,1,4799.729999999981
115704,115776,2024-12-12T09:05,2024-12-13T09:05,1,-314.57000000041444
116064,116069,2024-12-19T09:05,2024-12-19T09:30,-1,-900.0700000000652
116712,116910,2025-01-02T09:05,2025-01-06T13:35,1,4102.529999999795
117072,117218,2025-01-09T09:05,2025-01-13T09:15,1,5916.930000000168
117432,117576,2025-01-16T09:05,2025-01-20T09:05,1,478.42999999958556
117720,117783,2025-01-22T09:05,2025-01-22T14:20,1,2191.230000000098
117877,117950,2025-01-24T10:10,2025-01-27T10:15,1,-2174.1699999995762
118008,118150,2025-02-05T09:05,2025-02-06T14:55,1,19889.53000000026
118224,118314,2025-02-10T09:05,2025-02-11T10:35,1,15395.230000000098
119260,119376,2025-02-28T11:25,2025-03-04T09:05,-1,80.53000000061002
119880,120006,2025-03-13T09:05,2025-03-14T13:35,1,11723.23000000033
120099,120330,2025-03-18T09:20,2025-03-21T10:35,1,9179.53000000026
120672,120874,2025-03-28T09:05,2025-04-01T13:55,1,24020.92999999947
120960,120978,2025-04-03T09:05,2025-04-03T10:35,1,4360.429999999935
121032,121033,2025-04-07T09:05,2025-04-07T09:10,-1,-527.6699999999255
121320,121323,2025-04-11T09:05,2025-04-11T09:20,1,10608.330000000075
121338,121375,2025-04-11T10:35,2025-04-11T13:40,1,-2518.169999999809
121398,121446,2025-04-14T09:35,2025-04-14T13:35,1,-972.4699999998556
121536,121614,2025-04-16T09:05,2025-04-17T09:35,1,26196.63000000012
121752,121878,2025-04-21T09:05,2025-04-22T13:35,1,33209.72999999998
121882,121888,2025-04-22T13:55,2025-04-22T14:25,1,-2021.0699999999488
122558,122562,2025-05-09T10:15,2025-05-09T10:35,-1,-1976.5699999998324
122616,122622,2025-05-12T09:05,2025-05-12T09:35,-1,5811.6300000002375
122688,122707,2025-05-13T09:05,2025-05-13T10:40,-1,7588.430000000168
122832,122896,2025-05-15T09:05,2025-05-15T14:25,-1,19845.93000000005
123696,123698,2025-06-03T09:05,2025-06-03T09:15,1,6651.829999999958
124272,124299,2025-06-13T09:05,2025-06-13T11:20,1,7215.630000000121
124832,124851,2025-06-24T13:45,2025-06-25T09:20,-1,913.3299999999581
125017,125076,2025-06-27T11:10,2025-06-30T10:05,-1,6042.629999999888
126198,126360,2025-07-21T13:35,2025-07-24T09:05,1,7862.930000000168
126504,126562,2025-07-28T09:05,2025-07-28T13:55,-1,-1246.5700000001816
126576,126648,2025-07-29T09:05,2025-07-30T09:05,-1,-2238.4700000003213
126720,126781,2025-07-31T09:05,2025-07-31T14:10,-1,-1165.0699999999488
127152,127224,2025-08-08T09:05,2025-08-11T09:05,1,-1234.0699999999488
127658,127800,2025-08-19T09:15,2025-08-21T09:05,-1,-403.070000000298
128016,128330,2025-08-26T09:05,2025-09-01T11:15,1,17100.62999999954
128371,128386,2025-09-01T14:40,2025-09-02T09:55,1,3960.529999999795
128448,128526,2025-09-03T09:05,2025-09-04T09:35,1,5950.230000000214
128664,128797,2025-09-08T09:05,2025-09-09T14:10,1,13203.229999999981
129096,129117,2025-09-16T09:05,2025-09-16T10:50,1,1096.6299999998882
129165,129174,2025-09-16T14:50,2025-09-17T09:35,1,-4004.4700000000885
129450,129546,2025-09-22T14:35,2025-09-24T10:35,1,9287.629999999888
129582,129600,2025-09-24T13:35,2025-09-25T09:05,1,-988.9699999998556
129744,129745,2025-09-29T09:05,2025-09-29T09:10,1,-1224.4699999998556
129798,129887,2025-09-29T13:35,2025-09-30T15:00,1,10222.429999999935
129888,129889,2025-10-09T09:05,2025-10-09T09:10,1,26208.630000000005
129890,129898,2025-10-09T09:15,2025-10-09T09:55,1,4025.5300000002608
130032,130159,2025-10-13T09:05,2025-10-14T13:40,1,34429.4300000004
130177,130180,2025-10-15T09:10,2025-10-15T09:25,1,-3497.070000000065
130246,130302,2025-10-15T14:55,2025-10-16T13:35,1,7242.430000000168
130320,130321,2025-10-17T09:05,2025-10-17T09:10,1,21509.930000000168
130346,130374,2025-10-17T11:15,2025-10-17T13:35,1,-3895.570000000065
130376,130386,2025-10-17T13:45,2025-10-17T14:35,1,-3105.0699999998324
130464,130467,2025-10-21T09:05,2025-10-21T09:20,1,-4149.369999999879
130824,130896,2025-10-28T09:05,2025-10-29T09:05,-1,24596.830000000075
130981,131022,2025-10-30T10:10,2025-10-30T13:35,-1,-181.6699999999255
131532,131599,2025-11-10T14:05,2025-11-11T13:40,1,12855.430000000168
131688,131691,2025-11-13T09:05,2025-11-13T09:20,1,5881.930000000168
132552,132578,2025-12-01T09:05,2025-12-01T11:15,1,16315.529999999795
133202,133344,2025-12-12T09:15,2025-12-16T09:05,1,10160.03000000026
133632,133708,2025-12-22T09:05,2025-12-23T09:25,1,28412.430000000168
133715,133758,2025-12-23T10:00,2025-12-23T13:35,1,-3654.869999999879
133776,133789,2025-12-24T09:05,2025-12-24T10:10,1,-159.77000000001863
133921,133922,2025-12-26T09:10,2025-12-26T09:15,1,-4483.070000000298
134164,134197,2025-12-31T11:25,2025-12-31T14:10,-1,6053.930000000168
134568,134571,2026-01-12T09:05,2026-01-12T09:20,1,2200.029999999795
134694,134771,2026-01-13T13:35,2026-01-14T14:00,1,5247.630000000354
134928,134930,2026-01-19T09:05,2026-01-19T09:15,1,4737.530000000028
135054,135140,2026-01-20T13:35,2026-01-21T14:45,1,42457.630000000354
135216,135217,2026-01-23T09:05,2026-01-23T09:10,1,9939.929999999935
135226,135243,2026-01-23T09:55,2026-01-23T11:20,1,-5202.069999999367
135273,135278,2026-01-23T13:50,2026-01-23T14:15,1,-4328.469999999972
135288,135298,2026-01-26T09:05,2026-01-26T09:55,1,22370.929999999702
135356,135359,2026-01-26T14:45,2026-01-26T15:00,1,-694.4699999999721
135432,135434,2026-01-28T09:05,2026-01-28T09:15,1,14205.129999999888
135440,135487,2026-01-28T09:45,2026-01-28T13:40,1,19039.930000000168
135504,135505,2026-01-29T09:05,2026-01-29T09:10,1,40844.529999999795
135508,135513,2026-01-29T09:25,2026-01-29T09:50,1,3057.8300000003073
135561,135573,2026-01-29T13:50,2026-01-29T14:50,1,-152.96999999997206
135649,135651,2026-02-02T09:10,2026-02-02T09:20,-1,25328.53000000026
135705,135706,2026-02-02T13:50,2026-02-02T13:55,-1,2224.9300000001676
135712,135719,2026-02-02T14:25,2026-02-02T15:00,-1,-5040.369999999879
136368,136369,2026-02-24T09:05,2026-02-24T09:10,1,12674.929999999935
136656,136661,2026-03-02T09:05,2026-03-02T09:30,1,16084.830000000075
136676,136736,2026-03-02T10:45,2026-03-03T09:45,1,8571.929999999935
137376,137379,2026-03-16T09:05,2026-03-16T09:20,-1,4409.8300000000745
137543,137587,2026-03-18T11:00,2026-03-18T14:40,-1,-3961.070000000298
137592,137599,2026-03-19T09:05,2026-03-19T09:40,-1,25815.029999999795
137649,137663,2026-03-19T13:50,2026-03-19T15:00,-1,15539.229999999981
137664,137665,2026-03-20T09:05,2026-03-20T09:10,-1,20467.430000000168
137736,137737,2026-03-23T09:05,2026-03-23T09:10,-1,61659.93000000017
137790,137795,2026-03-23T13:35,2026-03-23T14:00,-1,3742.630000000121
137796,137798,2026-03-23T14:05,2026-03-23T14:15,-1,1879.8300000000745
137800,137804,2026-03-23T14:25,2026-03-23T14:45,-1,8103.8300000000745
137805,137806,2026-03-23T14:50,2026-03-23T14:55,-1,-67.36999999987893
138528,138529,2026-04-08T09:05,2026-04-08T09:10,1,-584.4699999997392
