entry_bar,exit_bar,entry_time,exit_time,side,pnl
570,577,2012-01-17T08:25,2012-01-17T09:00,1,1052.550000000003
684,690,2012-01-19T08:25,2012-01-19T08:55,1,-437.9250000000029
798,799,2012-01-23T08:25,2012-01-23T08:30,1,253.125
818,845,2012-01-23T10:05,2012-01-23T12:20,1,89.97500000000582
963,967,2012-01-25T12:40,2012-01-25T13:00,1,295.7749999999942
969,994,2012-01-26T08:25,2012-01-26T10:30,1,1450.7500000000146
1070,1083,2012-01-27T12:05,2012-01-30T08:25,1,-414.9499999999971
1143,1160,2012-01-31T08:40,2012-01-31T10:05,1,-445.5
1275,1300,2012-02-02T10:10,2012-02-02T12:15,1,-261.9750000000058
1313,1315,2012-02-03T08:35,2012-02-03T08:45,1,-437.5749999999971
1453,1510,2012-02-07T10:45,2012-02-08T10:45,1,825.4749999999913
1537,1541,2012-02-08T13:00,2012-02-09T08:35,1,-405.32500000001164
1551,1589,2012-02-09T09:25,2012-02-09T12:35,1,-331.50000000001455
1995,1996,2012-02-21T08:25,2012-02-21T08:30,1,20.54999999998836
2018,2121,2012-02-21T10:20,2012-02-23T09:25,1,1952.874999999971
2350,2357,2012-02-29T09:30,2012-02-29T10:05,1,-457.74999999998545
3262,3272,2012-03-22T09:30,2012-03-22T10:20,-1,-448.99999999998545
3781,3786,2012-04-04T10:00,2012-04-04T10:25,-1,-522.4800000000105
3805,3837,2012-04-04T12:00,2012-04-05T09:55,-1,-449.8000000000029
3958,3983,2012-04-10T10:30,2012-04-10T12:35,-1,-396.72000000000116
4046,4066,2012-04-11T13:05,2012-04-12T10:00,-1,-691.0
4161,4249,2012-04-16T08:25,2012-04-17T11:00,-1,-55.23999999996158
4446,4560,2012-04-23T08:25,2012-04-25T08:25,-1,328.5200000000041
4610,4617,2012-04-25T12:35,2012-04-26T08:25,-1,-580.0
4922,4976,2012-05-03T10:05,2012-05-04T09:50,-1,71.63999999999942
4988,5015,2012-05-04T10:50,2012-05-04T13:05,-1,-516.4399999999732
5073,5271,2012-05-08T08:25,2012-05-11T10:40,-1,2247.399999999994
5301,5360,2012-05-14T08:25,2012-05-15T08:35,-1,245.1600000000035
5374,5433,2012-05-15T09:45,2012-05-16T09:55,-1,16.04000000000815
5448,5457,2012-05-16T11:10,2012-05-16T11:55,-1,-572.8000000000029
5719,5757,2012-05-23T10:00,2012-05-24T08:25,-1,-97.88000000000466
5985,6026,2012-05-30T08:25,2012-05-30T11:50,-1,552.160000000018
7238,7239,2012-06-28T13:05,2012-06-29T08:25,-1,-682.6800000000076
8254,8265,2012-07-24T12:15,2012-07-25T08:25,-1,-634.0249999999942
9343,9519,2012-08-20T12:45,2012-08-24T08:25,1,2021.9600000000355
9940,10368,2012-09-04T10:15,2012-09-13T12:40,1,4670.129999999917
10373,10440,2012-09-13T13:05,2012-09-17T09:10,1,477.50999999996566
11116,11230,2012-10-03T08:30,2012-10-05T08:30,1,916.3600000000006
11566,11622,2012-10-12T12:45,2012-10-15T12:40,-1,1212.800000000003
11840,12024,2012-10-19T11:50,2012-10-24T12:55,-1,2705.5999999999913
12084,12092,2012-10-26T08:25,2012-10-26T09:05,-1,-582.9199999999983
12133,12198,2012-10-26T12:30,2012-10-30T08:25,-1,174.55999999999767
12768,12778,2012-11-13T08:25,2012-11-13T09:15,1,-11.0
12865,12882,2012-11-14T11:45,2012-11-15T08:25,1,-726.4799999999959
13246,13290,2012-11-23T10:15,2012-11-26T09:10,1,721.3600000000006
13706,13723,2012-12-05T10:35,2012-12-05T12:00,-1,-526.3999999999796
13851,14022,2012-12-10T08:25,2012-12-13T08:25,1,277.9999999999709
14309,14379,2012-12-20T08:35,2012-12-21T09:40,-1,1925.800000000003
14415,14421,2012-12-21T12:40,2012-12-24T08:25,-1,-683.6000000000058
14609,14697,2012-12-28T09:50,2012-12-31T12:25,-1,-385.6399999999994
14990,15122,2013-01-08T13:05,2013-01-11T09:50,1,1823.0
15162,15250,2013-01-14T08:25,2013-01-15T11:00,1,2362.480000000025
15309,15335,2013-01-16T11:10,2013-01-17T08:35,1,-767.9999999999709
15354,15390,2013-01-17T10:10,2013-01-18T08:25,1,-505.59999999996217
16055,16103,2013-02-04T11:35,2013-02-05T10:50,1,-512.3999999999651
16131,16136,2013-02-06T08:25,2013-02-06T08:50,1,472.08000000000175
16187,16237,2013-02-06T13:05,2013-02-07T12:30,1,-659.3999999999942
16530,16587,2013-02-15T08:25,2013-02-18T08:25,-1,-301.4400000000169
16701,16746,2013-02-20T08:25,2013-02-20T12:10,-1,947.5599999999977
16758,16781,2013-02-21T08:25,2013-02-21T10:20,-1,765.0000000000291
16853,16872,2013-02-22T11:35,2013-02-25T08:25,-1,-759.7600000000093
16929,16940,2013-02-26T08:25,2013-02-26T09:20,-1,-472.24000000000524
17042,17157,2013-02-27T13:05,2013-03-04T08:25,-1,573.5600000000559
17196,17214,2013-03-04T11:40,2013-03-05T08:25,-1,-453.88000000003376
17788,17848,2013-03-19T08:45,2013-03-20T09:00,-1,331.0000000000291
18274,18297,2013-04-01T11:15,2013-04-02T08:25,1,0.5199999999895226
18393,18434,2013-04-03T11:40,2013-04-04T10:20,-1,1439.800000000003
18467,18470,2013-04-04T13:05,2013-04-05T08:35,-1,-614.0800000000017
18753,18796,2013-04-12T08:25,2013-04-12T12:00,-1,657.1200000000099
18810,18811,2013-04-15T08:25,2013-04-15T08:30,-1,1575.5199999999895
18822,18826,2013-04-15T09:25,2013-04-15T09:45,-1,-563.1999999999825
18830,18845,2013-04-15T10:05,2013-04-15T11:20,-1,617.4399999999732
19339,19361,2013-04-26T09:45,2013-04-26T11:35,1,-212.91999999999825
19380,19388,2013-04-29T08:25,2013-04-29T09:05,1,105.20000000001164
19411,19427,2013-04-29T11:00,2013-04-29T12:20,1,-318.31999999999243
20101,20103,2013-05-15T11:30,2013-05-15T11:40,-1,-555.4800000000105
20180,20184,2013-05-17T08:35,2013-05-17T08:55,-1,-554.0399999999936
20195,20233,2013-05-17T09:50,2013-05-17T13:00,-1,-13.320000000021537
20242,20269,2013-05-20T09:00,2013-05-20T11:15,-1,-456.15999999998894
20812,20862,2013-06-03T09:00,2013-06-04T08:25,1,-145.24000000003434
20919,21035,2013-06-05T08:25,2013-06-07T08:35,1,683.1999999999825
21285,21370,2013-06-13T10:25,2013-06-14T12:45,-1,-28.839999999981956
21398,21475,2013-06-17T10:20,2013-06-18T12:00,-1,-13.199999999982538
21532,21597,2013-06-19T12:00,2013-06-20T12:40,-1,2759.3999999999796
21603,21654,2013-06-21T08:25,2013-06-21T12:40,-1,-650.2800000000279
21660,21717,2013-06-24T08:25,2013-06-25T08:25,-1,856.9999999999854
21799,21815,2013-06-26T10:30,2013-06-26T11:50,-1,42.720000000015716
21823,21831,2013-06-26T12:30,2013-06-27T08:25,-1,-445.4799999999959
22401,22433,2013-07-11T08:25,2013-07-11T11:05,1,442.59999999999127
22498,22613,2013-07-12T11:45,2013-07-16T11:50,1,473.0399999999936
22771,22857,2013-07-19T10:45,2013-07-23T08:25,1,344.4399999999878
22933,22969,2013-07-24T10:00,2013-07-24T13:00,1,-323.8400000000256
23541,23562,2013-08-08T08:25,2013-08-08T10:10,1,1387.5599999999977
23620,23711,2013-08-09T10:15,2013-08-12T13:05,1,-132.39999999997963
23826,23829,2013-08-15T08:25,2013-08-15T08:40,1,-544.0800000000017
23866,23898,2013-08-15T11:45,2013-08-16T09:40,1,277.6000000000058
24145,24226,2013-08-22T11:15,2013-08-26T08:30,1,-142.40000000000873
24263,24313,2013-08-26T11:35,2013-08-27T11:00,1,-693.0
24624,24738,2013-09-04T08:25,2013-09-06T08:25,-1,1272.8800000000483
24860,24910,2013-09-10T09:05,2013-09-11T08:30,-1,-646.4000000000087
24962,25079,2013-09-11T12:50,2013-09-13T13:05,-1,1153.6000000000204
25151,25251,2013-09-17T09:35,2013-09-19T08:25,-1,69.8799999999901
25434,25453,2013-09-24T09:25,2013-09-24T11:00,-1,-629.4399999999878
25575,25594,2013-09-26T11:40,2013-09-27T08:30,-1,-548.1199999999953
25656,25679,2013-09-30T08:55,2013-09-30T10:50,-1,-572.0
25707,25724,2013-10-01T08:25,2013-10-01T09:50,-1,1052.0
25821,25831,2013-10-03T08:25,2013-10-03T09:15,-1,-501.4400000000023
25858,25878,2013-10-03T11:30,2013-10-04T08:25,-1,-444.4399999999878
26173,26211,2013-10-11T09:15,2013-10-11T12:25,-1,-512.9999999999709
26391,26562,2013-10-17T08:25,2013-10-22T08:25,1,850.039999999979
26564,26569,2013-10-22T08:35,2013-10-22T09:00,1,-655.5200000000186
26587,26619,2013-10-22T10:30,2013-10-23T08:25,1,-303.9199999999837
26676,26733,2013-10-24T08:25,2013-10-25T08:25,1,-470.9999999999709
26790,26896,2013-10-28T08:25,2013-10-29T12:30,1,67.55999999995402
26904,26961,2013-10-30T08:25,2013-10-31T08:25,1,-375.35999999998603
27305,27312,2013-11-08T08:35,2013-11-08T09:10,-1,-308.0
27360,27421,2013-11-11T08:25,2013-11-12T08:45,-1,-108.11999999993714
27665,27720,2013-11-18T10:05,2013-11-19T09:55,-1,189.0799999999872
27759,27786,2013-11-20T08:25,2013-11-20T10:40,-1,-302.6800000000221
27810,28158,2013-11-20T12:40,2013-11-29T08:25,-1,1656.0799999999872
28242,28291,2013-12-02T10:40,2013-12-03T10:00,-1,-174.8399999999965
28557,28586,2013-12-10T08:25,2013-12-10T10:50,1,356.8799999999901
28881,28899,2013-12-17T11:40,2013-12-18T08:25,-1,-580.1600000000326
28924,28996,2013-12-18T10:30,2013-12-19T11:45,-1,887.320000000007
29184,29185,2013-12-26T08:25,2013-12-26T08:30,1,-83.0
29412,29925,2014-01-02T08:25,2014-01-15T08:25,1,1523.3250000000698
30039,30153,2014-01-17T08:25,2014-01-21T08:25,1,-25.04999999998836
30450,30666,2014-01-28T09:25,2014-02-03T08:25,-1,1292.090000000011
30755,30780,2014-02-04T11:05,2014-02-05T08:25,-1,-1145.1899999999878
31065,32190,2014-02-12T08:25,2014-03-11T11:55,1,3116.3499999998603
32440,32946,2014-03-18T09:00,2014-03-31T08:25,-1,1656.0799999999872
33142,33269,2014-04-03T10:30,2014-04-07T11:35,1,-742.2000000000262
33402,33573,2014-04-10T08:25,2014-04-15T08:25,1,-423.77500000000873
33744,33932,2014-04-21T08:25,2014-04-24T09:50,-1,637.7950000000565
34286,34475,2014-05-02T10:50,2014-05-07T12:20,1,-308.65999999998894
34699,35160,2014-05-13T12:00,2014-05-23T12:25,1,488.870000000039
35255,35681,2014-05-27T10:55,2014-06-06T08:25,-1,592.4499999999243
35795,35909,2014-06-10T08:25,2014-06-12T08:25,1,-436.77999999996973
36088,36137,2014-06-17T09:05,2014-06-18T08:25,-1,-1355.184999999954
36464,36912,2014-06-25T11:55,2014-07-07T11:20,1,538.8750000000728
37218,37371,2014-07-14T13:05,2014-07-17T11:35,-1,-867.3599999999424
37618,37732,2014-07-24T08:25,2014-07-28T08:25,-1,-649.6949999999779
37957,38222,2014-07-31T12:55,2014-08-07T11:15,-1,-601.4350000000122
38533,40616,2014-08-15T08:40,2014-10-06T11:20,-1,10174.13000000002
41607,41722,2014-10-30T08:25,2014-11-03T08:30,-1,104.32000000000698
41835,42255,2014-11-05T08:25,2014-11-14T10:10,-1,1016.1249999999709
42519,42609,2014-11-21T08:25,2014-11-24T11:10,1,-212.4949999999808
42903,42917,2014-12-01T12:00,2014-12-02T08:25,1,-573.2900000000227
43202,43321,2014-12-09T08:25,2014-12-11T08:50,1,-770.8549999999377
43430,43886,2014-12-15T08:25,2014-12-26T08:25,-1,407.8949999999022
44019,44114,2014-12-30T10:00,2015-01-02T08:25,1,-669.0000000000146
44268,45024,2015-01-06T11:45,2015-01-23T13:05,1,2075.2449999998935
45196,45299,2015-01-29T08:25,2015-01-30T12:15,-1,511.1200000000099
45666,45844,2015-02-10T09:35,2015-02-13T10:10,-1,-172.05000000001746
45941,46335,2015-02-17T08:50,2015-02-26T08:25,-1,770.2499999999709
46520,46582,2015-03-03T09:35,2015-03-04T10:00,1,-980.2799999999988
46734,47190,2015-03-09T08:25,2015-03-19T08:25,-1,2343.305000000051
47315,47541,2015-03-23T09:20,2015-03-27T09:10,1,-232.31499999992957
47753,47760,2015-04-01T12:35,2015-04-02T08:25,1,-428.95999999999185
47817,47874,2015-04-06T08:25,2015-04-07T08:25,1,287.30999999993946
48501,48587,2015-04-22T08:25,2015-04-23T10:50,-1,85.120000000039
48634,48684,2015-04-24T10:00,2015-04-27T09:25,-1,-372.3599999999715
49274,49299,2015-05-11T11:05,2015-05-12T08:25,-1,-468.1699999999837
49424,49470,2015-05-14T09:20,2015-05-15T08:25,1,-233.05999999999767
49489,49584,2015-05-15T10:00,2015-05-19T08:25,1,-48.73000000003958
49870,50041,2015-05-26T08:35,2015-05-29T08:35,-1,418.0850000000646
50096,50108,2015-06-01T08:25,2015-06-01T09:25,-1,-500.6100000000006
50149,50164,2015-06-01T12:50,2015-06-02T09:20,-1,-494.25999999999476
50262,50381,2015-06-03T12:45,2015-06-08T08:25,-1,102.39999999997963
50666,50687,2015-06-15T08:25,2015-06-15T10:10,-1,-92.74000000001979
50780,50837,2015-06-17T08:25,2015-06-18T08:25,-1,-345.17500000001746
50954,51008,2015-06-22T08:40,2015-06-23T08:25,-1,20.630000000004657
51375,51407,2015-07-01T10:30,2015-07-02T08:25,1,-762.2149999999965
51520,51575,2015-07-06T08:25,2015-07-06T13:00,-1,-164.85000000000582
51585,51612,2015-07-07T09:05,2015-07-07T11:20,-1,284.4500000000262
51634,51646,2015-07-08T08:25,2015-07-08T09:25,-1,-283.72499999999127
51931,52170,2015-07-15T09:25,2015-07-21T10:20,-1,1019.7400000000052
52187,52242,2015-07-21T11:45,2015-07-22T11:35,-1,35.270000000004075
52617,52630,2015-07-31T09:35,2015-07-31T10:40,1,-690.2050000000017
52710,52903,2015-08-03T12:35,2015-08-07T09:40,-1,147.10000000000582
53059,53117,2015-08-12T08:25,2015-08-13T08:30,1,-237.5500000000029
53362,53515,2015-08-19T09:55,2015-08-24T08:25,1,623.6650000000081
53531,53532,2015-08-24T09:45,2015-08-24T09:50,-1,-627.6600000000035
53593,53658,2015-08-25T10:10,2015-08-26T10:50,-1,-473.69499999999243
54218,54356,2015-09-09T10:05,2015-09-11T12:05,-1,588.4550000000017
54369,54484,2015-09-14T08:25,2015-09-16T08:30,-1,-411.929999999993
54712,54836,2015-09-22T08:30,2015-09-24T09:20,-1,372.695000000007
54939,55040,2015-09-28T08:25,2015-09-29T12:05,-1,260.695000000007
55061,55074,2015-09-30T09:05,2015-09-30T10:10,-1,-577.2249999999913
55110,55116,2015-10-01T08:25,2015-10-01T08:55,-1,-328.5500000000029
55167,55169,2015-10-02T08:25,2015-10-02T08:35,-1,-472.3000000000029
55452,55472,2015-10-09T08:25,2015-10-09T10:05,1,723.5
55509,55534,2015-10-12T08:25,2015-10-12T10:30,1,170.3000000000029
55680,55683,2015-10-15T08:25,2015-10-15T08:40,1,-570.5
55728,55737,2015-10-15T12:25,2015-10-16T08:25,1,-502.0
55745,55794,2015-10-16T09:05,2015-10-19T08:25,1,278.59999999999127
56364,56482,2015-11-02T08:25,2015-11-04T08:45,-1,546.9499999999971
56529,56608,2015-11-04T12:40,2015-11-06T09:45,-1,493.0500000000029
56649,56741,2015-11-09T08:25,2015-11-10T11:20,-1,1443.449999999997
56764,56835,2015-11-11T08:30,2015-11-12T09:40,-1,544.75
56877,56879,2015-11-13T08:25,2015-11-13T08:35,-1,-307.5
56880,56984,2015-11-13T08:40,2015-11-16T12:35,-1,-37.10000000000582
57019,57065,2015-11-17T10:45,2015-11-18T09:50,-1,33.94999999999709
57220,57238,2015-11-23T08:30,2015-11-23T10:00,-1,-475.1000000000058
57278,57366,2015-11-24T08:35,2015-11-25T11:10,-1,-29.75
57503,57560,2015-11-30T08:25,2015-12-01T08:25,-1,-367.8000000000029
57668,57674,2015-12-02T12:40,2015-12-03T08:25,-1,-547.6499999999942
57746,57761,2015-12-04T09:40,2015-12-04T10:55,1,512.8999999999942
58401,58419,2015-12-21T12:00,2015-12-22T08:45,1,-509.0500000000029
58546,58613,2015-12-24T09:50,2015-12-28T10:40,1,-361.34999999999127
58643,58669,2015-12-29T08:25,2015-12-29T10:35,1,-145.84999999999127
58871,58886,2016-01-05T08:25,2016-01-05T09:40,1,-427.5500000000029
59115,59162,2016-01-11T09:45,2016-01-12T08:55,-1,197.9499999999971
59181,59215,2016-01-12T10:30,2016-01-13T08:35,-1,-491.3000000000029
59275,59331,2016-01-14T08:50,2016-01-15T08:45,-1,-389.5500000000029
59362,59440,2016-01-15T11:20,2016-01-19T08:25,-1,172.75
59524,59600,2016-01-20T10:40,2016-01-21T12:15,-1,-198.6999999999971
59727,59849,2016-01-26T08:35,2016-01-28T09:15,1,483.84999999999127
60124,60186,2016-02-04T08:25,2016-02-05T08:50,1,685.9499999999971
60242,60267,2016-02-08T08:45,2016-02-08T10:50,1,227.5500000000029
60293,60311,2016-02-08T13:00,2016-02-09T09:45,1,-112.5
60349,60352,2016-02-09T12:55,2016-02-10T08:25,1,-577.9000000000087
60409,60463,2016-02-11T08:25,2016-02-11T12:55,1,916.6000000000058
61024,61033,2016-02-25T12:15,2016-02-25T13:00,-1,-527.1999999999971
61065,61092,2016-02-26T10:55,2016-02-29T08:25,-1,-339.5500000000029
61320,61322,2016-03-04T08:25,2016-03-04T08:35,1,-527.6999999999971
61326,61349,2016-03-04T08:55,2016-03-04T10:50,1,119.75
61353,61426,2016-03-04T11:10,2016-03-07T12:30,1,1141.800000000003
62166,62232,2016-03-24T12:25,2016-03-29T08:25,-1,-69.25
62598,62632,2016-04-06T10:25,2016-04-07T08:30,-1,-755.5599999999977
62746,62916,2016-04-11T08:30,2016-04-14T08:25,1,134.33499999999185
63090,63215,2016-04-19T08:40,2016-04-21T09:35,1,1281.9049999999988
63523,63680,2016-04-28T11:30,2016-05-03T10:20,1,1249.5400000000081
64132,64158,2016-05-13T10:00,2016-05-13T12:10,-1,-638.414999999979
64285,64404,2016-05-18T08:30,2016-05-20T08:55,-1,675.8249999999825
64464,64626,2016-05-23T09:10,2016-05-26T08:25,-1,127.78500000000349
64688,64853,2016-05-27T08:50,2016-06-01T08:25,-1,311.9550000000163
64882,64969,2016-06-01T10:50,2016-06-03T08:35,-1,-231.02499999999418
65138,65195,2016-06-08T08:25,2016-06-09T08:25,1,-112.42999999999302
65545,65594,2016-06-17T09:05,2016-06-20T08:25,-1,-359.08000000000175
65993,66220,2016-06-29T08:25,2016-07-05T08:25,1,3106.475000000006
66236,66355,2016-07-05T09:45,2016-07-07T10:10,1,298.9250000000029
66402,66415,2016-07-08T09:20,2016-07-08T10:25,1,-518.660000000018
66443,66505,2016-07-08T12:45,2016-07-12T08:25,1,-367.95000000001164
66855,66872,2016-07-20T09:05,2016-07-20T10:30,-1,-531.1700000000128
66943,66962,2016-07-21T11:40,2016-07-22T08:30,1,-659.0499999999884
67140,67199,2016-07-27T09:05,2016-07-28T09:15,1,1639.2749999999942
67276,67301,2016-07-29T10:55,2016-07-29T13:00,1,-573.0900000000111
67336,67417,2016-08-01T11:10,2016-08-03T08:25,1,176.18499999999767
67702,67715,2016-08-10T08:25,2016-08-10T09:30,1,-146.07499999998254
67838,67930,2016-08-12T10:15,2016-08-16T08:25,-1,603.6950000000361
67996,68044,2016-08-17T09:10,2016-08-18T08:25,-1,-518.6649999999645
68180,68215,2016-08-22T10:15,2016-08-23T08:25,-1,-318.8799999999901
68276,68386,2016-08-24T08:45,2016-08-26T08:25,-1,575.5850000000501
68406,68407,2016-08-26T10:05,2016-08-26T10:10,-1,18.835000000006403
68554,68671,2016-08-30T12:55,2016-09-02T08:25,-1,143.35000000000582
68786,68876,2016-09-06T08:35,2016-09-07T11:20,1,-245.31000000002678
69026,69069,2016-09-12T09:35,2016-09-13T08:25,-1,-524.5050000000192
69125,69152,2016-09-13T13:05,2016-09-14T10:35,-1,-497.0850000000064
69189,69214,2016-09-15T08:55,2016-09-15T11:00,-1,-312.6849999999831
69240,69297,2016-09-16T08:25,2016-09-19T08:25,-1,131.5
69873,70097,2016-10-03T08:55,2016-10-07T08:35,-1,1891.25
70098,70099,2016-10-07T08:40,2016-10-07T08:45,-1,-628.1999999999971
70128,70148,2016-10-07T11:10,2016-10-07T12:50,-1,-71.59999999999127
70262,70400,2016-10-11T12:50,2016-10-14T10:05,-1,526.4349999999977
70669,70722,2016-10-21T08:45,2016-10-24T08:25,-1,-602.9600000000064
70779,70842,2016-10-25T08:25,2016-10-26T08:55,1,59.16000000000349
70866,70908,2016-10-26T10:55,2016-10-27T09:40,1,-379.195000000007
70962,71178,2016-10-28T09:25,2016-11-03T08:25,1,749.8549999999959
71243,71299,2016-11-04T09:05,2016-11-07T09:00,1,-551.7949999999983
71352,71423,2016-11-08T08:40,2016-11-09T09:50,1,94.34999999999127
71481,71507,2016-11-10T09:55,2016-11-10T12:05,-1,-592.9850000000006
71531,71567,2016-11-11T09:20,2016-11-11T12:20,-1,879.0100000000093
71577,71628,2016-11-14T08:25,2016-11-14T12:40,-1,279.2950000000128
71814,71862,2016-11-18T09:10,2016-11-21T08:25,-1,-271.5249999999942
72083,72165,2016-11-24T12:35,2016-11-28T10:00,-1,-146.02499999999418
72295,72353,2016-11-30T11:20,2016-12-01T11:25,-1,-317.4499999999971
72482,72496,2016-12-05T12:40,2016-12-06T09:05,1,152.85000000000582
72889,72944,2016-12-15T08:35,2016-12-16T08:25,-1,553.2149999999965
73516,73691,2017-01-03T08:35,2017-01-06T08:55,1,1249.0
73742,73881,2017-01-09T08:25,2017-01-11T10:30,1,-715.5899999999965
73913,73972,2017-01-12T08:25,2017-01-13T08:35,1,-577.6450000000041
74095,74140,2017-01-17T09:25,2017-01-18T08:25,1,-918.9199999999983
74200,74259,2017-01-19T08:40,2017-01-20T08:50,-1,-446.5199999999895
74382,74436,2017-01-24T09:35,2017-01-25T09:20,1,-330.3950000000041
74767,74824,2017-02-02T08:25,2017-02-03T08:25,1,-695.75
74881,75109,2017-02-06T08:25,2017-02-10T08:25,1,-170.2849999999744
75678,75792,2017-02-24T08:25,2017-02-28T08:25,1,266.36999999999534
75951,76476,2017-03-02T12:10,2017-03-16T08:25,-1,1939.0350000000035
76620,76800,2017-03-20T10:55,2017-03-23T11:40,1,-668.4499999999971
76875,76932,2017-03-27T08:25,2017-03-28T08:25,1,-644.2300000000105
77015,77160,2017-03-29T10:35,2017-04-03T08:25,-1,51.0
77390,77391,2017-04-07T08:35,2017-04-07T08:40,1,-525.3500000000058
77445,77503,2017-04-10T08:25,2017-04-11T08:30,-1,-380.5500000000029
77675,77747,2017-04-17T08:35,2017-04-18T09:50,1,-94.85000000000582
78022,78186,2017-04-25T09:00,2017-04-28T08:25,-1,37.875
78243,78439,2017-05-01T08:25,2017-05-04T10:30,-1,1849.4750000000058
78813,78858,2017-05-15T08:25,2017-05-15T12:10,1,-65.82000000000698
78872,78984,2017-05-16T08:35,2017-05-18T08:25,1,-80.27499999999418
79154,79198,2017-05-22T13:05,2017-05-23T12:00,1,-84.72999999999593
79326,79366,2017-05-26T08:25,2017-05-26T11:45,1,-104.05000000000291
79553,79578,2017-06-01T08:25,2017-06-01T10:30,-1,-50.554999999993015
79611,79613,2017-06-02T08:30,2017-06-02T08:40,-1,-545.375
79745,79775,2017-06-06T10:10,2017-06-06T12:40,1,-559.2750000000087
80047,80068,2017-06-13T11:35,2017-06-14T08:35,-1,-328.25999999999476
80123,80139,2017-06-15T08:25,2017-06-15T09:45,-1,-290.83000000000175
80359,80378,2017-06-21T09:05,2017-06-21T10:40,-1,-515.4250000000029
80522,80526,2017-06-26T08:25,2017-06-26T08:45,-1,-338.44499999999243
80699,80711,2017-06-29T08:55,2017-06-29T09:55,-1,-533.2200000000012
80816,80886,2017-07-03T09:10,2017-07-04T10:15,-1,-386.3000000000029
80920,81037,2017-07-05T08:25,2017-07-07T08:40,-1,-509.1399999999994
81091,81205,2017-07-10T08:25,2017-07-12T08:25,-1,-157.8399999999965
81376,81512,2017-07-17T08:25,2017-07-19T10:15,1,-65.44000000000233
81604,81717,2017-07-21T08:25,2017-07-24T13:05,1,-404.1600000000035
81946,82197,2017-07-31T08:25,2017-08-04T10:20,1,807.3600000000006
82288,82317,2017-08-08T08:25,2017-08-08T10:50,1,-317.679999999993
82345,82516,2017-08-09T08:25,2017-08-14T08:25,1,-51.020000000004075
83143,83200,2017-08-29T08:25,2017-08-30T08:25,1,205.10000000000582
83371,83539,2017-09-04T08:25,2017-09-06T13:00,1,-458.5
83582,83629,2017-09-07T11:50,2017-09-08T11:00,1,-481.8600000000006
83714,84271,2017-09-12T08:35,2017-09-25T12:15,-1,2311.520000000004
84303,84624,2017-09-26T10:10,2017-10-04T08:25,-1,-63.86000000000058
84754,84780,2017-10-06T09:45,2017-10-06T11:55,-1,-617.5500000000029
84852,85137,2017-10-10T08:25,2017-10-17T08:25,1,241.36999999999534
85369,85544,2017-10-23T08:45,2017-10-26T09:05,-1,-698.1499999999942
85647,85764,2017-10-27T12:55,2017-11-01T08:25,-1,-1107.0
85765,85877,2017-11-01T08:30,2017-11-02T13:05,1,-301.58000000000175
86106,86282,2017-11-09T08:25,2017-11-14T08:50,1,-578.8000000000029
86458,86508,2017-11-17T09:15,2017-11-20T08:40,1,-246.77999999999884
86561,86579,2017-11-20T13:05,2017-11-21T09:50,-1,-733.2599999999948
86846,86939,2017-11-28T08:25,2017-11-29T11:25,1,-629.4400000000023
87109,87530,2017-12-04T11:20,2017-12-14T08:25,-1,1991.320000000007
87718,88990,2017-12-19T09:50,2018-01-22T11:25,1,4141.899999999994
89068,89191,2018-01-24T08:25,2018-01-26T09:10,1,-371.1000000000058
89489,89856,2018-02-02T10:15,2018-02-12T12:20,-1,904.7900000000081
89980,90204,2018-02-15T08:25,2018-02-20T12:55,1,-189.05999999999767
90464,90614,2018-02-27T10:50,2018-03-02T09:05,-1,792.3099999999977
90802,90914,2018-03-07T10:30,2018-03-09T10:20,-1,-315.75999999999476
91208,91405,2018-03-16T11:05,2018-03-22T08:30,-1,-607.9599999999919
91637,91746,2018-03-28T08:50,2018-04-02T08:25,-1,461.0
91803,92031,2018-04-03T08:25,2018-04-09T08:25,-1,259.3000000000029
92772,93060,2018-04-26T08:25,2018-05-03T08:40,-1,121.83000000000175
93570,93776,2018-05-16T08:25,2018-05-21T11:20,-1,-68.44000000000233
94937,95024,2018-06-19T08:25,2018-06-20T10:55,-1,154.22999999999593
95222,95256,2018-06-26T08:25,2018-06-26T11:15,-1,-664.5800000000017
95293,95507,2018-06-27T09:35,2018-07-03T08:25,-1,1230.229999999996
96133,96246,2018-07-18T08:25,2018-07-19T13:05,-1,125.84999999999127
97273,97301,2018-08-15T08:25,2018-08-15T10:45,-1,1217.3800000000047
99723,99837,2018-10-15T08:25,2018-10-17T08:25,1,-461.00999999999476
100464,100795,2018-11-01T08:25,2018-11-08T12:15,1,594.9499999999971
101835,101887,2018-12-05T08:45,2018-12-05T13:05,-1,-481.84000000001106
101895,101961,2018-12-06T09:00,2018-12-07T09:45,-1,-387.5
102019,102116,2018-12-10T09:50,2018-12-12T08:25,-1,-474.41999999999825
102993,103659,2019-01-04T10:15,2019-01-22T08:50,1,-772.7200000000012
104143,104452,2019-02-01T11:10,2019-02-11T08:25,1,-2062.0
104507,104807,2019-02-11T13:00,2019-02-19T09:35,-1,-1642.1600000000035
104964,105323,2019-02-22T08:25,2019-03-04T09:50,1,-14.760000000009313
106617,106703,2019-04-04T08:25,2019-04-05T10:50,1,838.320000000007
106731,106788,2019-04-08T08:25,2019-04-09T08:25,1,-397.2100000000064
108452,108687,2019-05-21T09:20,2019-05-27T09:55,-1,-86.04000000000815
108775,108953,2019-05-28T12:35,2019-06-03T08:25,-1,-254.80999999999767
112498,112596,2019-08-28T09:25,2019-08-29T12:50,1,1664.699999999997
112602,112656,2019-08-30T08:35,2019-08-30T13:05,1,-548.9400000000023
112715,112828,2019-09-03T08:35,2019-09-05T08:30,1,1660.9899999999907
117337,117412,2019-12-26T09:05,2019-12-27T10:35,1,-622.4499999999971
117461,117556,2019-12-30T09:55,2019-12-31T13:05,1,518.5099999999948
117557,117597,2020-01-02T08:25,2020-01-02T11:45,1,-466.8100000000122
118070,118102,2020-01-15T08:25,2020-01-15T11:05,1,740.6499999999942
118127,118131,2020-01-16T08:25,2020-01-16T08:45,1,-70.69000000000233
119892,119922,2020-02-28T08:25,2020-02-28T10:55,-1,1269.659999999989
120405,120413,2020-03-12T08:25,2020-03-12T09:05,-1,1378.9199999999983
120420,120423,2020-03-12T09:40,2020-03-12T09:55,-1,-634.4000000000087
120427,120445,2020-03-12T10:15,2020-03-12T11:45,-1,1916.8600000000006
120508,120515,2020-03-13T12:15,2020-03-13T12:50,-1,-156.0
120519,120520,2020-03-16T08:25,2020-03-16T08:30,-1,3739.8300000000017
120523,120527,2020-03-16T08:45,2020-03-16T09:05,-1,515.3000000000029
120637,120640,2020-03-18T08:45,2020-03-18T09:00,-1,-450.5
120645,120648,2020-03-18T09:25,2020-03-18T09:40,-1,-306.6499999999942
120660,120662,2020-03-18T10:40,2020-03-18T10:50,-1,-59.44000000000233
120680,120692,2020-03-18T12:20,2020-03-19T08:35,-1,399.0
120694,120696,2020-03-19T08:45,2020-03-19T08:55,-1,-561.0
120719,120727,2020-03-19T10:50,2020-03-19T11:30,-1,-337.91999999999825
125647,126046,2020-07-21T08:25,2020-07-30T08:25,1,2704.949999999997
126290,126409,2020-08-05T09:45,2020-08-07T10:10,1,-1061.925000000003
126461,126504,2020-08-10T09:45,2020-08-11T08:35,1,-1978.5249999999942
127506,127709,2020-09-03T11:20,2020-09-09T09:20,-1,-1548.8499999999913
128178,128439,2020-09-21T10:25,2020-09-28T08:25,-1,1069.0750000000116
131060,131206,2020-12-01T08:25,2020-12-03T11:05,1,1927.5299999999697
131231,131252,2020-12-04T08:25,2020-12-04T10:10,1,1636.8299999999872
132314,132346,2021-01-04T08:25,2021-01-04T11:05,1,755.3000000000029
133054,133092,2021-01-21T08:25,2021-01-21T11:35,1,-648.5900000000111
133738,133966,2021-02-08T08:25,2021-02-12T08:25,1,3608.58500000005
134023,134083,2021-02-15T08:25,2021-02-16T08:45,1,230.40000000000873
136763,136774,2021-04-23T08:50,2021-04-23T09:45,1,-1131.8650000000198
136872,136929,2021-04-27T08:25,2021-04-28T08:25,1,-1091.7099999999773
137175,137191,2021-05-04T09:55,2021-05-04T11:15,1,-753.2049999999872
137385,137442,2021-05-10T08:25,2021-05-11T08:25,1,-1063.9050000000134
138420,138485,2021-06-03T09:15,2021-06-04T09:55,-1,-48.46999999998661
138695,138739,2021-06-10T08:25,2021-06-10T12:05,-1,-438.6499999999651
138980,139040,2021-06-17T08:25,2021-06-18T08:40,-1,2572.030000000028
139052,139135,2021-06-18T09:40,2021-06-21T11:50,-1,-67.8299999999872
140949,141096,2021-08-04T11:05,2021-08-09T09:05,-1,2747.3500000000204
141544,141555,2021-08-19T08:25,2021-08-19T09:20,-1,-519.3999999999942
142499,142567,2021-09-10T12:05,2021-09-13T13:00,-1,-161.59999999999127
142569,142572,2021-09-14T08:25,2021-09-14T08:40,-1,-204.4499999999971
142585,142605,2021-09-14T09:45,2021-09-14T11:25,-1,-455.61500000000524
142629,142740,2021-09-15T08:40,2021-09-17T08:25,-1,-441.6499999999942
142797,142854,2021-09-20T08:25,2021-09-21T08:25,-1,691.8099999999977
144165,144200,2021-10-22T08:25,2021-10-22T11:20,1,-9.55999999998312
144911,144954,2021-11-10T08:50,2021-11-10T12:25,1,-7.2999999999883585
144970,145020,2021-11-11T09:00,2021-11-12T08:25,1,-892.6499999999796
145115,145143,2021-11-15T11:35,2021-11-16T09:10,1,-247.17000000002736
146275,146290,2021-12-14T08:35,2021-12-14T09:50,-1,-135.4499999999971
146339,146374,2021-12-15T09:10,2021-12-15T12:05,-1,106.80000000000291
147149,147185,2022-01-05T10:10,2022-01-06T08:25,1,-5.880000000004657
147307,147342,2022-01-10T09:05,2022-01-10T12:00,-1,-239.6999999999971
147700,147792,2022-01-19T08:35,2022-01-20T11:30,1,1852.5000000000582
147985,147991,2022-01-26T08:35,2022-01-26T09:05,1,-540.4400000000023
148003,148008,2022-01-26T10:05,2022-01-26T10:30,1,-676.7600000000239
148643,148663,2022-02-10T11:10,2022-02-10T12:50,1,-368.1600000000035
148781,148814,2022-02-15T08:25,2022-02-15T11:10,-1,-626.3000000000029
148876,148906,2022-02-16T11:35,2022-02-17T09:20,1,797.6399999999994
148929,148964,2022-02-17T11:15,2022-02-18T09:25,1,-585.0
149123,149127,2022-02-23T08:25,2022-02-23T08:45,1,-730.8999999999942
149180,149192,2022-02-24T08:25,2022-02-24T09:25,1,83.30000000000291
149546,149556,2022-03-04T10:25,2022-03-04T11:15,1,-648.7400000000052
149578,149580,2022-03-04T13:05,2022-03-07T08:30,1,-438.36000000001513
149585,149589,2022-03-07T08:55,2022-03-07T09:15,1,-477.5599999999977
149593,149612,2022-03-07T09:35,2022-03-07T11:10,1,-229.82000000000698
149637,149666,2022-03-08T08:30,2022-03-08T10:55,1,1575.8999999999942
149921,149974,2022-03-15T08:25,2022-03-15T12:50,-1,1376.800000000003
150436,150503,2022-03-28T08:35,2022-03-29T09:25,-1,1007.5599999999977
150855,150898,2022-04-06T10:15,2022-04-07T09:05,-1,87.16000000000349
151232,151297,2022-04-18T08:25,2022-04-19T09:05,1,32.05999999999767
151460,151574,2022-04-22T08:25,2022-04-26T08:25,-1,1311.1600000000035
151709,151744,2022-04-28T10:10,2022-04-28T13:05,-1,-643.3000000000029
152228,152258,2022-05-11T10:40,2022-05-12T08:25,1,-373.0200000000041
153056,153076,2022-06-01T08:25,2022-06-01T10:05,1,1037.5
153113,153200,2022-06-02T08:25,2022-06-03T10:55,1,709.7400000000198
153227,153281,2022-06-06T08:25,2022-06-06T12:55,1,-765.3199999999924
153519,153521,2022-06-13T09:00,2022-06-13T09:10,-1,-687.1999999999971
153538,153626,2022-06-13T10:35,2022-06-15T08:25,-1,421.179999999993
154018,154138,2022-06-23T12:35,2022-06-27T13:05,-1,399.1399999999994
154253,154257,2022-06-30T08:25,2022-06-30T08:45,-1,-230.52000000000407
154310,154322,2022-07-01T08:25,2022-07-01T09:25,-1,796.9400000000023
154430,154450,2022-07-05T08:55,2022-07-05T10:35,-1,-25.55999999999767
154515,154537,2022-07-06T11:15,2022-07-06T13:05,-1,-367.1999999999971
154720,154782,2022-07-12T09:20,2022-07-13T09:45,-1,172.52000000000407
154823,154841,2022-07-14T08:25,2022-07-14T09:55,-1,-177.02000000000407
155368,155416,2022-07-27T11:05,2022-07-28T10:20,1,-264.8399999999965
155450,155465,2022-07-29T08:25,2022-07-29T09:40,1,-556.3399999999965
155481,155521,2022-07-29T11:00,2022-08-01T09:35,1,410.3999999999942
155564,155591,2022-08-02T08:25,2022-08-02T10:40,1,-497.0
155699,155738,2022-08-04T10:10,2022-08-05T08:40,1,607.1600000000035
155809,155848,2022-08-08T09:50,2022-08-08T13:05,1,-347.27999999999884
155961,155990,2022-08-10T13:00,2022-08-11T10:40,1,557.2400000000052
156325,156361,2022-08-19T10:05,2022-08-19T13:05,-1,-269.9799999999959
156362,156385,2022-08-22T08:25,2022-08-22T10:20,-1,473.6399999999994
156641,156653,2022-08-26T12:40,2022-08-29T08:55,-1,-33.920000000012806
156706,156778,2022-08-30T08:35,2022-08-31T09:50,-1,353.0200000000041
156818,156843,2022-09-01T08:25,2022-09-01T10:30,-1,698.9199999999983
157164,157172,2022-09-09T08:45,2022-09-09T09:25,1,-634.5
157214,157276,2022-09-09T12:55,2022-09-13T08:35,1,1163.1800000000076
157407,157418,2022-09-15T10:00,2022-09-15T10:55,1,-479.4600000000064
157536,157574,2022-09-19T11:15,2022-09-20T09:40,1,31.65999999998894
157616,157624,2022-09-21T08:25,2022-09-21T09:05,1,-273.61999999999534
157764,157801,2022-09-23T11:15,2022-09-26T09:35,-1,-438.41999999999825
157825,157860,2022-09-26T11:35,2022-09-27T09:45,-1,-294.09999999999127
157889,157913,2022-09-27T12:10,2022-09-28T09:25,-1,-148.09999999999127
159041,159098,2022-10-26T08:25,2022-10-27T08:25,1,702.9400000000023
159120,159155,2022-10-27T10:15,2022-10-28T08:25,1,-282.4600000000064
159497,159611,2022-11-07T08:25,2022-11-09T08:25,1,1327.5199999999895
159670,159739,2022-11-10T08:35,2022-11-11T09:35,1,1564.3200000000215
160525,160549,2022-12-01T08:35,2022-12-01T10:35,1,86.91999999999825
161224,161264,2022-12-19T09:50,2022-12-20T08:25,-1,-375.0200000000041
161384,161406,2022-12-22T08:55,2022-12-22T10:45,-1,-451.6000000000058
161626,161681,2022-12-29T10:05,2022-12-30T09:55,1,779.4399999999587
161720,161743,2023-01-03T08:25,2023-01-03T10:20,1,-10.160000000032596
161779,161799,2023-01-04T08:35,2023-01-04T10:15,1,-800.2799999999988
161941,162005,2023-01-06T12:35,2023-01-10T08:25,1,-657.140000000014
162062,162080,2023-01-11T08:25,2023-01-11T09:55,1,-313.20000000001164
162307,162347,2023-01-17T09:50,2023-01-18T08:25,-1,-264.45999999999185
162393,162406,2023-01-18T12:15,2023-01-19T08:35,-1,697.9999999999854
162746,162783,2023-01-27T08:25,2023-01-27T11:30,-1,-205.4600000000064
162860,162880,2023-01-31T08:25,2023-01-31T10:05,-1,-593.6000000000058
162960,162974,2023-02-01T12:00,2023-02-02T08:25,-1,-546.1999999999971
163051,163127,2023-02-03T10:05,2023-02-06T11:40,-1,549.1600000000035
163145,163172,2023-02-07T08:25,2023-02-07T10:40,-1,-558.8000000000029
163288,163320,2023-02-09T10:50,2023-02-10T08:45,-1,-344.24000000000524
163344,163393,2023-02-10T10:45,2023-02-13T10:05,-1,404.1399999999994
163464,163493,2023-02-14T11:15,2023-02-15T08:55,-1,265.72000000000116
163515,163566,2023-02-15T10:45,2023-02-16T10:15,-1,-203.39999999999418
163916,163943,2023-02-24T10:55,2023-02-27T08:25,-1,-556.7799999999988
164057,164059,2023-03-01T08:25,2023-03-01T08:35,1,-311.38000000000466
164086,164090,2023-03-01T10:50,2023-03-01T11:10,1,-677.0399999999936
164171,164188,2023-03-03T08:25,2023-03-03T09:50,1,-341.77999999999884
164257,164285,2023-03-06T10:50,2023-03-07T08:25,1,-637.9799999999959
164513,164534,2023-03-13T08:25,2023-03-13T10:10,1,264.8399999999965
164542,164570,2023-03-13T10:50,2023-03-14T08:25,1,-478.4600000000064
165395,165412,2023-04-03T10:40,2023-04-03T12:05,1,-743.9799999999959
165425,165441,2023-04-04T08:25,2023-04-04T09:45,1,-88.40499999999884
165452,165507,2023-04-04T10:40,2023-04-05T10:30,1,-408.7350000000006
165722,165727,2023-04-12T09:25,2023-04-12T09:50,1,-715.1000000000058
165767,165832,2023-04-13T08:25,2023-04-14T09:05,1,783.7749999999796
165881,165910,2023-04-17T08:25,2023-04-17T10:50,1,-673.4349999999831
165938,165946,2023-04-18T08:25,2023-04-18T09:05,1,316.2899999999936
165959,165995,2023-04-18T10:10,2023-04-19T08:25,1,-439.2350000000006
166020,166127,2023-04-19T10:30,2023-04-21T09:55,1,1455.214999999982
166644,166681,2023-05-04T10:15,2023-05-05T08:35,-1,-325.754999999961
166841,166864,2023-05-09T12:25,2023-05-10T09:35,1,192.36500000000524
167420,167534,2023-05-24T08:25,2023-05-26T08:25,-1,827.5699999999633
167673,167792,2023-05-30T10:30,2023-06-01T10:55,-1,423.43000000003667
168161,168344,2023-06-12T08:25,2023-06-15T09:25,-1,378.5100000000093
168503,168556,2023-06-20T08:25,2023-06-20T12:50,-1,145.40499999999884
168560,168731,2023-06-21T08:25,2023-06-26T08:25,-1,1038.6100000000006
168850,168880,2023-06-28T08:50,2023-06-28T11:20,-1,-133.52499999999418
168905,168983,2023-06-29T08:40,2023-06-30T10:25,-1,-156.0500000000029
170555,170614,2023-08-09T08:25,2023-08-10T08:35,-1,-427.1499999999942
170785,170802,2023-08-15T08:35,2023-08-15T10:00,-1,-301.6899999999878
172754,172971,2023-10-02T11:10,2023-10-06T10:15,-1,1021.5599999999977
173345,173425,2023-10-16T12:55,2023-10-18T10:05,1,-340.6000000000058
173539,173591,2023-10-20T10:05,2023-10-23T09:40,1,-693.5599999999977
173724,173769,2023-10-25T11:15,2023-10-26T10:15,1,-524.320000000007
173861,173975,2023-10-30T08:25,2023-11-01T08:25,1,660.5599999999977
174260,174452,2023-11-08T08:25,2023-11-13T10:10,-1,1462.520000000004
174773,174840,2023-11-21T08:25,2023-11-22T09:15,1,-0.6000000000058208
175102,175115,2023-11-28T12:05,2023-11-29T08:25,1,-487.3999999999942
175343,175400,2023-12-05T08:25,2023-12-06T08:25,-1,-112.60000000000582
175436,175461,2023-12-06T11:25,2023-12-07T08:45,-1,-491.68000000000757
175747,175802,2023-12-14T08:50,2023-12-15T08:40,1,289.9600000000064
175977,176038,2023-12-20T09:00,2023-12-21T09:20,1,-718.4000000000087
176084,176316,2023-12-22T08:25,2023-12-29T08:45,1,1802.199999999997
176542,176548,2024-01-05T08:35,2024-01-05T09:05,-1,-856.1199999999953
176654,176770,2024-01-09T08:25,2024-01-11T08:35,-1,506.1999999999971
176790,176827,2024-01-11T10:15,2024-01-12T08:35,-1,-482.40000000000873
176939,177053,2024-01-16T08:25,2024-01-18T08:25,-1,885.4400000000023
177461,177534,2024-01-29T09:10,2024-01-30T10:30,1,-538.9599999999919
177584,177623,2024-01-31T09:55,2024-02-01T08:25,1,-638.1999999999971
177855,177941,2024-02-07T08:45,2024-02-08T11:10,-1,-100.0
177995,178022,2024-02-09T10:55,2024-02-12T08:25,-1,-636.6399999999994
178307,178421,2024-02-19T08:25,2024-02-21T08:25,1,-570.3600000000006
178763,178847,2024-02-29T08:25,2024-03-01T10:40,-1,-339.08000000000175
179026,179128,2024-03-06T11:20,2024-03-08T10:20,1,106.55999999999767
179163,179221,2024-03-11T08:30,2024-03-12T08:35,1,-376.84000000001106
179311,179357,2024-03-13T11:20,2024-03-14T10:25,1,-739.4799999999959
179390,179444,2024-03-15T08:25,2024-03-15T12:55,1,-250.11999999999534
180473,180511,2024-04-12T08:25,2024-04-12T11:35,1,153.67499999998836
181688,181702,2024-05-13T09:55,2024-05-13T11:05,1,-544.8350000000064
181734,181801,2024-05-14T09:00,2024-05-15T09:50,1,1509.5500000000175
181841,181855,2024-05-16T08:25,2024-05-16T09:35,1,-490.1299999999901
181913,181955,2024-05-17T09:40,2024-05-20T08:25,1,-331.9549999999872
185090,185099,2024-08-05T08:25,2024-08-05T09:10,-1,338.4850000000006
185145,185168,2024-08-05T13:00,2024-08-06T10:10,-1,-741.5149999999994
186297,186344,2024-09-03T09:15,2024-09-04T08:25,-1,-240.08000000000175
188337,188366,2024-10-22T13:00,2024-10-23T10:40,1,-765.5599999999977
188396,188419,2024-10-24T08:25,2024-10-24T10:20,1,-376.4750000000204
188567,188624,2024-10-29T08:25,2024-10-30T08:25,1,-244.2099999999773
191041,191132,2024-12-30T10:20,2025-01-02T08:25,-1,426.0
192798,192855,2025-02-12T09:30,2025-02-13T09:30,1,-62.4550000000163
194837,194926,2025-04-03T08:25,2025-04-04T11:05,-1,1662.0
194951,194973,2025-04-07T08:25,2025-04-07T10:15,-1,-446.20000000001164
194988,195008,2025-04-07T11:30,2025-04-08T08:25,-1,-774.6800000000076
195350,195407,2025-04-16T08:25,2025-04-17T08:25,1,-360.6000000000058
195749,195830,2025-04-28T08:25,2025-04-29T10:25,1,-138.55999999999767
196066,196091,2025-05-05T11:05,2025-05-06T08:25,-1,-788.6000000000058
196292,196319,2025-05-09T10:55,2025-05-12T08:25,1,-625.5599999999977
196645,196946,2025-05-19T11:50,2025-05-27T08:25,1,3590.600000000064
197063,197104,2025-05-29T08:40,2025-05-29T12:05,1,-999.7999999999738
197345,197379,2025-06-05T08:25,2025-06-05T11:15,1,1755.0
197402,197425,2025-06-06T08:25,2025-06-06T10:20,1,415.84000000001106
197459,197627,2025-06-09T08:25,2025-06-11T12:55,1,3688.0800000000163
197858,197915,2025-06-18T08:25,2025-06-19T08:25,1,555.0000000000146
198143,198213,2025-06-25T08:25,2025-06-26T09:30,1,3424.800000000032
198239,198257,2025-06-26T11:40,2025-06-27T08:25,1,-743.8399999999965
198453,198485,2025-07-02T10:30,2025-07-03T08:25,1,-329.35999999998603
198778,198793,2025-07-10T09:10,2025-07-10T10:25,1,-1269.8400000000402
198826,198883,2025-07-11T08:25,2025-07-14T08:25,1,333.6000000000058
199110,199126,2025-07-17T13:05,2025-07-18T09:40,1,213.55999999999767
199185,199198,2025-07-21T09:50,2025-07-21T10:55,1,-1002.1199999999953
199580,199686,2025-07-30T09:30,2025-08-01T08:50,-1,5224.799999999959
200400,200422,2025-08-19T11:20,2025-08-20T08:25,-1,-740.2799999999988
200560,200579,2025-08-22T10:25,2025-08-22T12:00,1,-366.08000000003085
200878,200935,2025-09-01T08:25,2025-09-02T08:25,1,1582.759999999951
201008,201049,2025-09-03T09:45,2025-09-04T08:25,1,-210.0
201782,201847,2025-09-22T12:30,2025-09-24T08:25,1,2760.0399999999936
201904,201920,2025-09-25T08:25,2025-09-25T09:45,1,-454.59999999999127
201935,202075,2025-09-25T11:00,2025-09-30T08:25,1,4017.800000000032
202257,202360,2025-10-03T09:20,2025-10-07T08:25,1,584.6000000000058
202417,202491,2025-10-08T08:25,2025-10-09T09:50,1,856.4400000000169
202771,202810,2025-10-16T09:25,2025-10-16T12:40,1,651.0000000000146
202872,202886,2025-10-17T13:05,2025-10-20T09:30,-1,-1307.160000000018
202930,202961,2025-10-21T08:25,2025-10-21T11:00,-1,4191.559999999983
203648,203668,2025-11-06T11:15,2025-11-06T12:55,-1,-368.5599999999977
203864,203915,2025-11-12T10:15,2025-11-13T09:45,1,-326.9199999999546
204229,204282,2025-11-20T12:10,2025-11-21T11:50,-1,-1160.4400000000023
204507,204598,2025-11-27T11:35,2025-12-01T09:40,1,2767.7199999999866
204967,204982,2025-12-09T11:55,2025-12-10T08:25,1,-1438.5599999999977
205073,205119,2025-12-11T11:15,2025-12-12T10:20,1,2963.559999999983
205153,205192,2025-12-15T08:25,2025-12-15T11:40,1,42.0
205210,205277,2025-12-16T08:25,2025-12-17T09:15,1,4123.639999999956
205347,205487,2025-12-18T10:20,2025-12-22T12:30,1,6741.199999999881
205495,205515,2025-12-23T08:25,2025-12-23T10:05,1,4729.24000000002
205520,205567,2025-12-23T10:30,2025-12-24T09:40,1,1635.8400000000402
205609,205626,2025-12-26T08:25,2025-12-26T09:50,1,5582.319999999963
205630,205651,2025-12-26T10:10,2025-12-26T11:55,1,-145.08000000003085
206597,206602,2026-01-21T10:00,2026-01-21T10:25,1,-1186.320000000007
206608,206614,2026-01-21T10:55,2026-01-21T11:25,1,-334.9599999999773
206665,206693,2026-01-22T10:55,2026-01-23T08:30,1,6424.9299999999785
206696,206706,2026-01-23T08:45,2026-01-23T09:35,1,-691.1899999999878
206712,206724,2026-01-23T10:05,2026-01-23T11:05,1,-414.8749999999709
206727,206747,2026-01-23T11:20,2026-01-23T13:00,1,32.30000000000291
206749,206751,2026-01-26T08:25,2026-01-26T08:35,1,2407.784999999989
206766,206773,2026-01-26T09:50,2026-01-26T10:25,1,272.3500000000204
206803,206806,2026-01-26T12:55,2026-01-27T08:25,1,-1274.1800000000076
208920,208924,2026-03-19T08:50,2026-03-19T09:10,-1,-384.5049999999901
208925,208926,2026-03-19T09:15,2026-03-19T09:20,-1,-974.4149999999936
209042,209044,2026-03-23T09:30,2026-03-23T09:40,-1,-681.7149999999965
209071,209073,2026-03-23T11:55,2026-03-23T12:05,-1,163.50000000001455
209257,209262,2026-03-27T08:25,2026-03-27T08:50,-1,-683.9349999999831
209272,209274,2026-03-27T09:40,2026-03-27T09:50,-1,-741.9099999999889
